clase,frecuencia,frecuencia relativa (0-1),frecuencia relativa (%),probabilidad acumulada,frecuencia acumulda (0-1),frecuencia acumulada (%)
10,2,0.18181818181818182,18.181818181818183,18.181818181818183,0.18181818181818182,18.181818181818183
11,1,0.09090909090909091,9.090909090909092,27.272727272727273,0.2727272727272727,27.272727272727273
19,3,0.2727272727272727,27.272727272727273,54.54545454545455,0.5454545454545454,54.54545454545455
22,2,0.18181818181818182,18.181818181818183,72.72727272727273,0.7272727272727273,72.72727272727273
23,2,0.18181818181818182,18.181818181818183,90.90909090909092,0.9090909090909092,90.90909090909092
24,1,0.09090909090909091,9.090909090909092,100.00000000000001,1.0000000000000002,100.00000000000001
